race_name,race_date_meta,venue_meta,surface_meta,distance_meta,horse_name,horse_no,frame_no,sex_age,weight,jockey,trainer,odds,popularity,race_date,venue,race_name,surface,distance,track_condition,finish,field_size,last3f,time,margin,corner_order
サンプルS,2026-02-01,東京,芝,1600,Alpha,1,1,牡4,57,騎手A,調教師A,4.2,2,2026-01-10,東京,迎春特別,芝,1600,良,2,16,34.5,1:33.8,0.2,3-3-3-2
サンプルS,2026-02-01,東京,芝,1600,Alpha,1,1,牡4,57,騎手A,調教師A,4.2,2,2025-12-10,中山,冬至S,芝,1800,良,3,14,35.1,1:47.0,0.3,5-5-5-4
サンプルS,2026-02-01,東京,芝,1600,Alpha,1,1,牡4,57,騎手A,調教師A,4.2,2,2025-10-22,東京,紅葉S,芝,1600,稍重,1,18,34.2,1:34.9,0.0,2-2-2-1
サンプルS,2026-02-01,東京,芝,1600,Beta,2,2,牡5,57,騎手B,調教師B,12.4,6,2026-01-12,中京,知立特別,芝,1600,良,7,16,35.4,1:34.5,0.7,10-10-8-7
サンプルS,2026-02-01,東京,芝,1600,Beta,2,2,牡5,57,騎手B,調教師B,12.4,6,2025-11-28,阪神,逆瀬川S,芝,1800,良,4,15,35.0,1:47.8,0.4,8-8-7-5
サンプルS,2026-02-01,東京,芝,1600,Beta,2,2,牡5,57,騎手B,調教師B,12.4,6,2025-10-10,京都,清滝特別,芝,1600,重,6,13,36.1,1:35.9,0.8,9-9-9-8
サンプルS,2026-02-01,東京,芝,1600,Gamma,3,3,牝4,55,騎手C,調教師C,2.8,1,2026-01-05,東京,初富士S,芝,1600,良,1,16,33.9,1:33.4,0.0,1-1-1-1
サンプルS,2026-02-01,東京,芝,1600,Gamma,3,3,牝4,55,騎手C,調教師C,2.8,1,2025-11-30,東京,オリエンタル賞,芝,1600,良,1,14,34.0,1:33.6,0.0,2-2-2-1
サンプルS,2026-02-01,東京,芝,1600,Gamma,3,3,牝4,55,騎手C,調教師C,2.8,1,2025-10-01,中山,秋風S,芝,1600,稍重,2,16,34.6,1:34.8,0.1,3-3-3-2
